Main Category,CTR
finance,0.03915889201697941
politics,0.04694293286685679
sports,0.04419652756873033
technology,0.023602205794122404
